session_id,event_id,risk_score,anomaly_score,coordination_score,campaign_id,attack_type,evidence,model_version,timestamp
2f2a5540-fceb-4e5d-a52e-c150885a4c2d,risk_0001,,,1.0,campaign_001,possible_coordinated_campaign,"['sessions_started_within_1_second', 'very_similar_behaviour', 'time_gap_seconds=0.180', 'behaviour_similarity=1.0000']",coordination_v1,2026-10-03T21:49:49.369755+00:00
2f2a5540-fceb-4e5d-a52e-c150885a4c2d,risk_0002,,,1.0,campaign_002,possible_coordinated_campaign,"['sessions_started_within_1_second', 'very_similar_behaviour', 'time_gap_seconds=0.360', 'behaviour_similarity=1.0000']",coordination_v1,2026-10-03T21:49:49.369755+00:00
38b3297c-f7f5-42d5-9683-52dbcecddb9d,risk_0003,,,1.0,campaign_003,possible_coordinated_campaign,"['sessions_started_within_1_second', 'very_similar_behaviour', 'time_gap_seconds=0.031', 'behaviour_similarity=1.0000']",coordination_v1,2026-10-03T21:49:49.369755+00:00
38b3297c-f7f5-42d5-9683-52dbcecddb9d,risk_0004,,,1.0,campaign_004,possible_coordinated_campaign,"['sessions_started_within_1_second', 'very_similar_behaviour', 'time_gap_seconds=0.039', 'behaviour_similarity=1.0000']",coordination_v1,2026-10-03T21:49:49.369755+00:00
4737d77e-5c55-47d8-aa2e-4ea86c2e38fb,risk_0005,,,1.0,campaign_005,possible_coordinated_campaign,"['sessions_started_within_1_second', 'very_similar_behaviour', 'time_gap_seconds=0.071', 'behaviour_similarity=1.0000']",coordination_v1,2026-10-03T21:49:49.369755+00:00
5641770d-75ee-4361-8772-69eba8aacd96,risk_0006,,,1.0,campaign_006,possible_coordinated_campaign,"['sessions_started_within_1_second', 'very_similar_behaviour', 'time_gap_seconds=0.180', 'behaviour_similarity=1.0000']",coordination_v1,2026-10-03T21:49:49.369755+00:00
59a560e3-c2d2-4c07-9268-a8c53a1eaced,risk_0007,,,1.0,campaign_007,possible_coordinated_campaign,"['sessions_started_within_1_second', 'very_similar_behaviour', 'time_gap_seconds=0.360', 'behaviour_similarity=1.0000']",coordination_v1,2026-10-03T21:49:49.369755+00:00
59a560e3-c2d2-4c07-9268-a8c53a1eaced,risk_0008,,,1.0,campaign_008,possible_coordinated_campaign,"['sessions_started_within_1_second', 'very_similar_behaviour', 'time_gap_seconds=0.180', 'behaviour_similarity=1.0000']",coordination_v1,2026-10-03T21:49:49.369755+00:00
5acad450-a957-4338-ac91-acaa2a042172,risk_0009,,,1.0,campaign_009,possible_coordinated_campaign,"['sessions_started_within_1_second', 'very_similar_behaviour', 'time_gap_seconds=0.070', 'behaviour_similarity=1.0000']",coordination_v1,2026-10-03T21:49:49.369755+00:00
65e023b1-f22f-4b9f-8788-8f873bd0c7ac,risk_0010,,,0.9997,campaign_010,possible_coordinated_campaign,"['sessions_started_within_1_second', 'very_similar_behaviour', 'time_gap_seconds=0.414', 'behaviour_similarity=0.9997']",coordination_v1,2026-10-03T21:49:49.369755+00:00
65e023b1-f22f-4b9f-8788-8f873bd0c7ac,risk_0011,,,0.9999,campaign_011,possible_coordinated_campaign,"['sessions_started_within_1_second', 'very_similar_behaviour', 'time_gap_seconds=0.180', 'behaviour_similarity=0.9999']",coordination_v1,2026-10-03T21:49:49.369755+00:00
67e3357e-bfb2-40de-8fdd-bedb681d0b44,risk_0012,,,1.0,campaign_012,possible_coordinated_campaign,"['sessions_started_within_1_second', 'very_similar_behaviour', 'time_gap_seconds=0.027', 'behaviour_similarity=1.0000']",coordination_v1,2026-10-03T21:49:49.369755+00:00
683caf31-c38f-4312-8b0c-2db014a39a4a,risk_0013,,,1.0,campaign_013,possible_coordinated_campaign,"['sessions_started_within_1_second', 'very_similar_behaviour', 'time_gap_seconds=0.180', 'behaviour_similarity=1.0000']",coordination_v1,2026-10-03T21:49:49.369755+00:00
73229461-3593-4ea9-9666-b90b049eafef,risk_0014,,,0.9982,campaign_014,possible_coordinated_campaign,"['sessions_started_within_1_second', 'very_similar_behaviour', 'time_gap_seconds=0.195', 'behaviour_similarity=0.9982']",coordination_v1,2026-10-03T21:49:49.369755+00:00
73229461-3593-4ea9-9666-b90b049eafef,risk_0015,,,0.999,campaign_015,possible_coordinated_campaign,"['sessions_started_within_1_second', 'very_similar_behaviour', 'time_gap_seconds=0.454', 'behaviour_similarity=0.9990']",coordination_v1,2026-10-03T21:49:49.369755+00:00
7f00c834-d1f3-4978-a81c-0a11723a851d,risk_0016,,,1.0,campaign_016,possible_coordinated_campaign,"['sessions_started_within_1_second', 'very_similar_behaviour', 'time_gap_seconds=0.007', 'behaviour_similarity=1.0000']",coordination_v1,2026-10-03T21:49:49.369755+00:00
7f00c834-d1f3-4978-a81c-0a11723a851d,risk_0017,,,1.0,campaign_017,possible_coordinated_campaign,"['sessions_started_within_1_second', 'very_similar_behaviour', 'time_gap_seconds=0.294', 'behaviour_similarity=1.0000']",coordination_v1,2026-10-03T21:49:49.369755+00:00
923b58c7-1602-4f98-8413-ae6c1a3960aa,risk_0018,,,0.9997,campaign_018,possible_coordinated_campaign,"['sessions_started_within_1_second', 'very_similar_behaviour', 'time_gap_seconds=0.594', 'behaviour_similarity=0.9997']",coordination_v1,2026-10-03T21:49:49.369755+00:00
a77e1e7d-9b64-45d4-8c57-da2a1dbd74ae,risk_0019,,,1.0,campaign_019,possible_coordinated_campaign,"['sessions_started_within_1_second', 'very_similar_behaviour', 'time_gap_seconds=0.287', 'behaviour_similarity=1.0000']",coordination_v1,2026-10-03T21:49:49.369755+00:00
c0f3902d-bf76-4989-aad8-900ce2858f67,risk_0020,,,0.9999,campaign_020,possible_coordinated_campaign,"['sessions_started_within_1_second', 'very_similar_behaviour', 'time_gap_seconds=0.649', 'behaviour_similarity=0.9999']",coordination_v1,2026-10-03T21:49:49.373071+00:00
