model,feature_set,n_features,cv_macro_f1_train,cv_std,accuracy,balanced_accuracy,macro_f1,weighted_f1,human_recall,moderate_bot_f1,advanced_bot_f1,human_to_any_bot_rate,advanced_to_human_rate,moderate_to_human_rate,ci95_macro_f1
LogReg,Mouse only,38,0.9952,0.0144,1.0,1.0,1.0,1.0,1.0,1.0,1.0,0.0,0.0,0.0,"[1.00, 1.00]"
LogReg,Web + Mouse,61,0.9952,0.0144,1.0,1.0,1.0,1.0,1.0,1.0,1.0,0.0,0.0,0.0,"[1.00, 1.00]"
LogReg,Web only,24,0.8463,0.0441,0.8667,0.8667,0.866,0.866,0.9333,0.9032,0.8462,0.0667,0.2,0.0667,"[0.76, 0.95]"
Majority,Mouse only,38,0.1667,0.0,0.3333,0.3333,0.1667,0.1667,1.0,0.0,0.0,0.0,1.0,1.0,"[0.11, 0.21]"
Majority,Web + Mouse,61,0.1667,0.0,0.3333,0.3333,0.1667,0.1667,1.0,0.0,0.0,0.0,1.0,1.0,"[0.11, 0.21]"
Majority,Web only,24,0.1667,0.0,0.3333,0.3333,0.1667,0.1667,1.0,0.0,0.0,0.0,1.0,1.0,"[0.11, 0.21]"
XGBoost,Mouse only,38,1.0,0.0,1.0,1.0,1.0,1.0,1.0,1.0,1.0,0.0,0.0,0.0,"[1.00, 1.00]"
XGBoost,Web + Mouse,61,1.0,0.0,1.0,1.0,1.0,1.0,1.0,1.0,1.0,0.0,0.0,0.0,"[1.00, 1.00]"
XGBoost,Web only,24,0.9039,0.0533,0.9111,0.9111,0.911,0.911,0.9333,0.9333,0.8966,0.0667,0.1333,0.0,"[0.81, 0.98]"
XGBoost,"Web only, no POST beacon (ablation)",25,0.9513,0.0438,0.9333,0.9333,0.9332,0.9332,1.0,0.9655,0.8966,0.0,0.1333,0.0,"[0.84, 1.00]"
