SIM_SESSION_ID,TRUE_LABEL,MODEL1_PREDICTION,MODEL1_BOT_PROBABILITY,TRUE_TYPE,MODEL1_TYPE,MODEL2_ANOMALY_SCORE,MODEL2_ANOMALY,MODEL2_TYPE
sim_0_0000,0,0,0.044,HUMAN,HUMAN,0.38830882636576136,0,NORMAL
sim_0_0001,0,0,0.048,HUMAN,HUMAN,0.4713749625362778,0,NORMAL
sim_0_0002,0,0,0.066,HUMAN,HUMAN,0.38718047041400105,0,NORMAL
sim_0_0003,0,0,0.05600949825076232,HUMAN,HUMAN,0.4235412464857165,0,NORMAL
sim_0_0004,0,0,0.02,HUMAN,HUMAN,0.3587679950524182,0,NORMAL
sim_0_0005,0,0,0.038,HUMAN,HUMAN,0.36024938975225634,0,NORMAL
sim_0_0006,0,0,0.018,HUMAN,HUMAN,0.3882343729033408,0,NORMAL
sim_0_0007,0,0,0.014,HUMAN,HUMAN,0.3546504824791896,0,NORMAL
sim_0_0008,0,0,0.016,HUMAN,HUMAN,0.42278412694310463,0,NORMAL
sim_0_0009,0,0,0.02,HUMAN,HUMAN,0.38302863417061905,0,NORMAL
sim_0_0010,0,0,0.0,HUMAN,HUMAN,0.39523906997556185,0,NORMAL
sim_0_0011,0,0,0.01,HUMAN,HUMAN,0.3549157479044569,0,NORMAL
sim_0_0012,0,0,0.04,HUMAN,HUMAN,0.3676403569357713,0,NORMAL
sim_0_0013,0,0,0.018,HUMAN,HUMAN,0.36139112868573947,0,NORMAL
sim_0_0014,0,0,0.016,HUMAN,HUMAN,0.373466160096923,0,NORMAL
sim_0_0015,0,0,0.004,HUMAN,HUMAN,0.3957496754398716,0,NORMAL
sim_0_0016,0,0,0.058,HUMAN,HUMAN,0.35564583593668153,0,NORMAL
sim_0_0017,0,0,0.002,HUMAN,HUMAN,0.44194464528441557,0,NORMAL
sim_0_0018,0,0,0.01,HUMAN,HUMAN,0.3555480066245245,0,NORMAL
sim_0_0019,0,0,0.044,HUMAN,HUMAN,0.36386761289392916,0,NORMAL
sim_0_0020,0,0,0.05,HUMAN,HUMAN,0.4107535419088102,0,NORMAL
sim_0_0021,0,0,0.05,HUMAN,HUMAN,0.3679128883654795,0,NORMAL
sim_0_0022,0,0,0.014,HUMAN,HUMAN,0.3561836730868367,0,NORMAL
sim_0_0023,0,0,0.022,HUMAN,HUMAN,0.3799767800460978,0,NORMAL
sim_0_0024,0,0,0.12,HUMAN,HUMAN,0.4362431605710175,0,NORMAL
sim_0_0025,0,0,0.004,HUMAN,HUMAN,0.4024651512207214,0,NORMAL
sim_0_0026,0,0,0.056,HUMAN,HUMAN,0.39521687792527255,0,NORMAL
sim_0_0027,0,0,0.002,HUMAN,HUMAN,0.4222203592351326,0,NORMAL
sim_0_0028,0,0,0.012,HUMAN,HUMAN,0.40533013647660926,0,NORMAL
sim_0_0029,0,0,0.036,HUMAN,HUMAN,0.3680685835908489,0,NORMAL
sim_0_0030,0,0,0.038,HUMAN,HUMAN,0.3733717377475125,0,NORMAL
sim_0_0031,0,0,0.4557746121224943,HUMAN,HUMAN,0.43060133219189667,0,NORMAL
sim_0_0032,0,0,0.004,HUMAN,HUMAN,0.35638081649366093,0,NORMAL
sim_0_0033,0,0,0.01,HUMAN,HUMAN,0.3884759800735947,0,NORMAL
sim_0_0034,0,0,0.086,HUMAN,HUMAN,0.5276684693317354,1,ANOMALOUS
sim_0_0035,0,0,0.16177734693246157,HUMAN,HUMAN,0.4001653510413143,0,NORMAL
sim_0_0036,0,0,0.016,HUMAN,HUMAN,0.35645183805044967,0,NORMAL
sim_0_0037,0,0,0.166,HUMAN,HUMAN,0.36354729541590525,0,NORMAL
sim_0_0038,0,0,0.016,HUMAN,HUMAN,0.4192372563372328,0,NORMAL
sim_0_0039,0,0,0.02,HUMAN,HUMAN,0.3831464363420718,0,NORMAL
sim_0_0040,0,0,0.03,HUMAN,HUMAN,0.35932641406371124,0,NORMAL
sim_0_0041,0,0,0.052,HUMAN,HUMAN,0.4082129003764105,0,NORMAL
sim_0_0042,0,0,0.064,HUMAN,HUMAN,0.46080987114378485,0,NORMAL
sim_0_0043,0,0,0.048,HUMAN,HUMAN,0.37432081909668957,0,NORMAL
sim_0_0044,0,0,0.026,HUMAN,HUMAN,0.41795180941417504,0,NORMAL
sim_0_0045,0,0,0.13733236440101426,HUMAN,HUMAN,0.3976608184233541,0,NORMAL
sim_0_0046,0,1,0.5385548223338018,HUMAN,BOT,0.41320871452121477,0,NORMAL
sim_0_0047,0,0,0.04,HUMAN,HUMAN,0.3756393315118922,0,NORMAL
sim_0_0048,0,0,0.1833903811479212,HUMAN,HUMAN,0.3883472333348076,0,NORMAL
sim_0_0049,0,0,0.004,HUMAN,HUMAN,0.4135142740114305,0,NORMAL
sim_0_0050,0,0,0.02,HUMAN,HUMAN,0.38534267689925694,0,NORMAL
sim_0_0051,0,0,0.002,HUMAN,HUMAN,0.4191413895767675,0,NORMAL
sim_0_0052,0,0,0.06,HUMAN,HUMAN,0.3698242512438689,0,NORMAL
sim_0_0053,0,0,0.024,HUMAN,HUMAN,0.4194478917636478,0,NORMAL
sim_0_0054,0,0,0.06087100008987059,HUMAN,HUMAN,0.4214944874902757,0,NORMAL
sim_0_0055,0,0,0.066,HUMAN,HUMAN,0.3699281990676194,0,NORMAL
sim_0_0056,0,0,0.046,HUMAN,HUMAN,0.3562516235575975,0,NORMAL
sim_0_0057,0,0,0.026,HUMAN,HUMAN,0.40407394157837206,0,NORMAL
sim_0_0058,0,0,0.02,HUMAN,HUMAN,0.4085947160036979,0,NORMAL
sim_0_0059,0,0,0.004,HUMAN,HUMAN,0.4157368482451823,0,NORMAL
sim_0_0060,0,0,0.034,HUMAN,HUMAN,0.41559193203460465,0,NORMAL
sim_0_0061,0,0,0.06,HUMAN,HUMAN,0.4065986882411024,0,NORMAL
sim_0_0062,0,0,0.052,HUMAN,HUMAN,0.37769713902462837,0,NORMAL
sim_0_0063,0,0,0.044,HUMAN,HUMAN,0.4024728383748948,0,NORMAL
sim_0_0064,0,0,0.018,HUMAN,HUMAN,0.36387844606159264,0,NORMAL
sim_0_0065,0,0,0.03,HUMAN,HUMAN,0.4369231523717292,0,NORMAL
sim_0_0066,0,0,0.042,HUMAN,HUMAN,0.35710582818390313,0,NORMAL
sim_0_0067,0,0,0.046,HUMAN,HUMAN,0.4825568945223709,0,NORMAL
sim_0_0068,0,0,0.066,HUMAN,HUMAN,0.376531162230659,0,NORMAL
sim_0_0069,0,1,0.5017209744213802,HUMAN,BOT,0.47689192069084974,0,NORMAL
sim_0_0070,0,0,0.204,HUMAN,HUMAN,0.37489389653975297,0,NORMAL
sim_0_0071,0,0,0.054,HUMAN,HUMAN,0.3654904539381571,0,NORMAL
sim_0_0072,0,0,0.052,HUMAN,HUMAN,0.35228411122369263,0,NORMAL
sim_0_0073,0,0,0.01,HUMAN,HUMAN,0.41226115772851263,0,NORMAL
sim_0_0074,0,0,0.038,HUMAN,HUMAN,0.37224929512121707,0,NORMAL
sim_0_0075,0,0,0.09359930216588407,HUMAN,HUMAN,0.40916003001353346,0,NORMAL
sim_0_0076,0,0,0.228,HUMAN,HUMAN,0.46945685008939775,0,NORMAL
sim_0_0077,0,0,0.062,HUMAN,HUMAN,0.35259045553367235,0,NORMAL
sim_0_0078,0,0,0.002,HUMAN,HUMAN,0.3760826776425094,0,NORMAL
sim_0_0079,0,0,0.046,HUMAN,HUMAN,0.4236753835282862,0,NORMAL
sim_0_0080,0,0,0.074,HUMAN,HUMAN,0.38337441426559477,0,NORMAL
sim_0_0081,0,0,0.004,HUMAN,HUMAN,0.4386811763811222,0,NORMAL
sim_0_0082,0,0,0.058,HUMAN,HUMAN,0.3640662650948586,0,NORMAL
sim_0_0083,0,0,0.15137664909834564,HUMAN,HUMAN,0.4130443926661929,0,NORMAL
sim_0_0084,0,0,0.036,HUMAN,HUMAN,0.3613565633235726,0,NORMAL
sim_0_0085,0,0,0.07989504882564089,HUMAN,HUMAN,0.4357381358942716,0,NORMAL
sim_0_0086,0,0,0.0482957466597568,HUMAN,HUMAN,0.390676209434257,0,NORMAL
sim_0_0087,0,0,0.342,HUMAN,HUMAN,0.5782900357794721,1,ANOMALOUS
sim_0_0088,0,0,0.10314178956155344,HUMAN,HUMAN,0.3906992313072302,0,NORMAL
sim_0_0089,0,0,0.062,HUMAN,HUMAN,0.4372947680543793,0,NORMAL
sim_0_0090,0,0,0.06,HUMAN,HUMAN,0.4193127359811722,0,NORMAL
sim_0_0091,0,0,0.318,HUMAN,HUMAN,0.5638906199299863,1,ANOMALOUS
sim_0_0092,0,0,0.084,HUMAN,HUMAN,0.36702188778021333,0,NORMAL
sim_0_0093,0,0,0.014,HUMAN,HUMAN,0.3569133788702812,0,NORMAL
sim_0_0094,0,0,0.068,HUMAN,HUMAN,0.42487236848744236,0,NORMAL
sim_0_0095,0,0,0.074,HUMAN,HUMAN,0.4050817147285156,0,NORMAL
sim_0_0096,0,0,0.052,HUMAN,HUMAN,0.41169114027276255,0,NORMAL
sim_0_0097,0,0,0.044,HUMAN,HUMAN,0.3804309642043767,0,NORMAL
sim_0_0098,0,0,0.036,HUMAN,HUMAN,0.35266710846452387,0,NORMAL
sim_0_0099,0,0,0.06,HUMAN,HUMAN,0.45447204320449414,0,NORMAL
sim_1_0000,1,1,0.8954542817165447,BOT,BOT,0.4137918738062007,0,NORMAL
sim_1_0001,1,1,0.7141198432622057,BOT,BOT,0.4386878057495222,0,NORMAL
sim_1_0002,1,1,0.884,BOT,BOT,0.5362010453458821,1,ANOMALOUS
sim_1_0003,1,1,0.6387254227747162,BOT,BOT,0.4491145763762005,0,NORMAL
sim_1_0004,1,1,0.964,BOT,BOT,0.5193964878033099,1,ANOMALOUS
sim_1_0005,1,1,0.68,BOT,BOT,0.43035264372428944,0,NORMAL
sim_1_0006,1,1,0.5332913849629153,BOT,BOT,0.44945908843156257,0,NORMAL
sim_1_0007,1,1,0.6894758825706395,BOT,BOT,0.4482612687095472,0,NORMAL
sim_1_0008,1,1,0.8124360731849395,BOT,BOT,0.44221062786541,0,NORMAL
sim_1_0009,1,1,0.586,BOT,BOT,0.43086366427694545,0,NORMAL
sim_1_0010,1,1,0.6505722403484847,BOT,BOT,0.5418782553598984,1,ANOMALOUS
sim_1_0011,1,1,0.72,BOT,BOT,0.4225453845606012,0,NORMAL
sim_1_0012,1,1,0.7227815707844651,BOT,BOT,0.41861275544872006,0,NORMAL
sim_1_0013,1,0,0.484,BOT,HUMAN,0.42263134677751824,0,NORMAL
sim_1_0014,1,1,0.984,BOT,BOT,0.620104023557148,1,ANOMALOUS
sim_1_0015,1,1,0.79,BOT,BOT,0.4956015603904931,1,ANOMALOUS
sim_1_0016,1,1,0.976,BOT,BOT,0.5689634818665494,1,ANOMALOUS
sim_1_0017,1,1,0.8314542817165448,BOT,BOT,0.4209753467987013,0,NORMAL
sim_1_0018,1,1,0.7060566708095942,BOT,BOT,0.4166702266326216,0,NORMAL
sim_1_0019,1,1,0.984,BOT,BOT,0.5639213248848131,1,ANOMALOUS
sim_1_0020,1,1,1.0,BOT,BOT,0.6383438645493876,1,ANOMALOUS
sim_1_0021,1,0,0.40694286807453794,BOT,HUMAN,0.4508798195896171,0,NORMAL
sim_1_0022,1,1,0.992,BOT,BOT,0.5786642675617673,1,ANOMALOUS
sim_1_0023,1,1,0.6029662550682461,BOT,BOT,0.4749924147587764,0,NORMAL
sim_1_0024,1,0,0.3520342098174521,BOT,HUMAN,0.4473016835615503,0,NORMAL
sim_1_0025,1,0,0.37948068156992987,BOT,HUMAN,0.42038158642889717,0,NORMAL
sim_1_0026,1,1,0.9221871166771253,BOT,BOT,0.5782201825249271,1,ANOMALOUS
sim_1_0027,1,1,0.714,BOT,BOT,0.42161871730061173,0,NORMAL
sim_1_0028,1,1,0.8038514543577634,BOT,BOT,0.5472704327143655,1,ANOMALOUS
sim_1_0029,1,1,0.8,BOT,BOT,0.6137412150790227,1,ANOMALOUS
sim_1_0030,1,0,0.4419045640402255,BOT,HUMAN,0.42458819924689933,0,NORMAL
sim_1_0031,1,1,0.8255834097788781,BOT,BOT,0.4460345510794947,0,NORMAL
sim_1_0032,1,1,0.86,BOT,BOT,0.4561218905139368,0,NORMAL
sim_1_0033,1,1,0.998,BOT,BOT,0.550177866009982,1,ANOMALOUS
sim_1_0034,1,0,0.40461128101933475,BOT,HUMAN,0.45291120217863995,0,NORMAL
sim_1_0035,1,1,0.6974814135676063,BOT,BOT,0.5390399065485864,1,ANOMALOUS
sim_1_0036,1,1,0.8749102305440646,BOT,BOT,0.45017212591121664,0,NORMAL
sim_1_0037,1,1,0.956,BOT,BOT,0.5560815524197652,1,ANOMALOUS
sim_1_0038,1,1,0.7958466510758722,BOT,BOT,0.49681888075884784,1,ANOMALOUS
sim_1_0039,1,1,0.756,BOT,BOT,0.44870108516610907,0,NORMAL
sim_1_0040,1,1,0.7226430615228567,BOT,BOT,0.41288860732294974,0,NORMAL
sim_1_0041,1,1,0.6322011905977751,BOT,BOT,0.436880575415993,0,NORMAL
sim_1_0042,1,1,0.8112310274405715,BOT,BOT,0.521846003362129,1,ANOMALOUS
sim_1_0043,1,1,0.8,BOT,BOT,0.451631789003289,0,NORMAL
sim_1_0044,1,1,0.6296707652623372,BOT,BOT,0.48570661750625743,1,ANOMALOUS
sim_1_0045,1,1,0.7414991823148029,BOT,BOT,0.5451155917222744,1,ANOMALOUS
sim_1_0046,1,1,0.836,BOT,BOT,0.41693032350571313,0,NORMAL
sim_1_0047,1,0,0.4536853478521481,BOT,HUMAN,0.4357285971719106,0,NORMAL
sim_1_0048,1,1,0.598,BOT,BOT,0.43414379874120984,0,NORMAL
sim_1_0049,1,1,0.6755519184858401,BOT,BOT,0.4751317761475465,0,NORMAL
sim_1_0050,1,1,0.844,BOT,BOT,0.42444482625307506,0,NORMAL
sim_1_0051,1,1,0.904,BOT,BOT,0.45012957369101686,0,NORMAL
sim_1_0052,1,1,0.7104982742690994,BOT,BOT,0.424811761187804,0,NORMAL
sim_1_0053,1,1,0.944,BOT,BOT,0.5735539978178323,1,ANOMALOUS
sim_1_0054,1,1,0.5199045640402256,BOT,BOT,0.4206269890659921,0,NORMAL
sim_1_0055,1,1,0.988,BOT,BOT,0.5855544235536524,1,ANOMALOUS
sim_1_0056,1,1,0.7223317397038611,BOT,BOT,0.4221561545894058,0,NORMAL
sim_1_0057,1,1,0.7297389700879258,BOT,BOT,0.42868979295182025,0,NORMAL
sim_1_0058,1,1,0.573478647897896,BOT,BOT,0.5277244469374247,1,ANOMALOUS
sim_1_0059,1,1,0.7494814135676063,BOT,BOT,0.41233050450028447,0,NORMAL
sim_1_0060,1,1,0.7273871346305816,BOT,BOT,0.4516972126930464,0,NORMAL
sim_1_0061,1,1,0.5855515487968818,BOT,BOT,0.5894572295809659,1,ANOMALOUS
sim_1_0062,1,1,0.74,BOT,BOT,0.4891448623813321,1,ANOMALOUS
sim_1_0063,1,1,0.6164263590346752,BOT,BOT,0.46824323717068567,0,NORMAL
sim_1_0064,1,1,0.819499182314803,BOT,BOT,0.5373421557284482,1,ANOMALOUS
sim_1_0065,1,1,0.856,BOT,BOT,0.5477112937512261,1,ANOMALOUS
sim_1_0066,1,1,0.6948047055144656,BOT,BOT,0.44929335208625765,0,NORMAL
sim_1_0067,1,1,0.6697717591421648,BOT,BOT,0.421637009036581,0,NORMAL
sim_1_0068,1,0,0.4677403633764292,BOT,HUMAN,0.437869421770479,0,NORMAL
sim_1_0069,1,0,0.42486985692928464,BOT,HUMAN,0.4233027708819717,0,NORMAL
sim_1_0070,1,1,0.7373323644010142,BOT,BOT,0.41410666474274843,0,NORMAL
sim_1_0071,1,1,0.6930116049545776,BOT,BOT,0.4501222848469868,0,NORMAL
sim_1_0072,1,1,0.8167410917274375,BOT,BOT,0.44120067180264555,0,NORMAL
sim_1_0073,1,1,0.602,BOT,BOT,0.42817384293029764,0,NORMAL
sim_1_0074,1,1,0.75,BOT,BOT,0.4956109716015771,1,ANOMALOUS
sim_1_0075,1,1,0.6181829576719899,BOT,BOT,0.47417456948398395,0,NORMAL
sim_1_0076,1,1,0.6760816729594434,BOT,BOT,0.43942248004043705,0,NORMAL
sim_1_0077,1,0,0.4947373752621089,BOT,HUMAN,0.4492313326352455,0,NORMAL
sim_1_0078,1,1,0.5309856289418017,BOT,BOT,0.4328097442172758,0,NORMAL
sim_1_0079,1,1,0.91,BOT,BOT,0.5321424902075996,1,ANOMALOUS
sim_1_0080,1,0,0.48269091160662037,BOT,HUMAN,0.45963346875129396,0,NORMAL
sim_1_0081,1,1,0.8509989103470661,BOT,BOT,0.5915183251799911,1,ANOMALOUS
sim_1_0082,1,0,0.35073842240950454,BOT,HUMAN,0.47803621849379213,0,NORMAL
sim_1_0083,1,1,0.8440231665381028,BOT,BOT,0.41383548167574197,0,NORMAL
sim_1_0084,1,1,0.978,BOT,BOT,0.5844395814956491,1,ANOMALOUS
sim_1_0085,1,1,0.6976477357892454,BOT,BOT,0.5063622372085449,1,ANOMALOUS
sim_1_0086,1,1,0.6635004270329532,BOT,BOT,0.4186429429806692,0,NORMAL
sim_1_0087,1,1,0.7503396918312686,BOT,BOT,0.44610707082684475,0,NORMAL
sim_1_0088,1,1,0.5149109978198974,BOT,BOT,0.4476720729409395,0,NORMAL
sim_1_0089,1,1,0.6671951651586118,BOT,BOT,0.42071550428706644,0,NORMAL
sim_1_0090,1,1,0.753499182314803,BOT,BOT,0.5732461358589771,1,ANOMALOUS
sim_1_0091,1,1,0.5364854647170908,BOT,BOT,0.44559744953163516,0,NORMAL
sim_1_0092,1,1,0.934,BOT,BOT,0.5486363055433899,1,ANOMALOUS
sim_1_0093,1,1,0.5477525584747241,BOT,BOT,0.5363494994196275,1,ANOMALOUS
sim_1_0094,1,1,0.7181904270669662,BOT,BOT,0.4149221261160913,0,NORMAL
sim_1_0095,1,1,0.6436951120245317,BOT,BOT,0.5382994761812757,1,ANOMALOUS
sim_1_0096,1,1,0.6572161722880593,BOT,BOT,0.4322702177787936,0,NORMAL
sim_1_0097,1,1,0.996,BOT,BOT,0.5617572383156743,1,ANOMALOUS
sim_1_0098,1,1,0.998,BOT,BOT,0.5828272966585057,1,ANOMALOUS
sim_1_0099,1,1,0.662,BOT,BOT,0.44565098800874253,0,NORMAL
